{
   "left_uv_to_rect_x":[
      -0.6252081394195557,
      0.3324834108352661,
      1.299890398979187,
      -0.8253355622291565,
      -1.0325636863708497,
      7.521162033081055,
      -13.799334526062012,
      7.8558759689331059,
      2.1261489391326906,
      -14.113080978393555,
      26.34162139892578,
      -14.930045127868653,
      -1.3233585357666016,
      8.506293296813965,
      -15.606451034545899,
      8.893977165222168
   ],
   "left_uv_to_rect_y":[
      -0.37523153424263,
      -0.34262487292289736,
      0.7635243535041809,
      -0.6682243347167969,
      0.38151007890701296,
      4.049591541290283,
      -7.806105136871338,
      4.473989486694336,
      1.0507723093032838,
      -8.660529136657715,
      15.536046981811524,
      -8.565287590026856,
      -0.492713987827301,
      4.902211666107178,
      -8.764571189880371,
      4.757476329803467
   ],
   "right_uv_to_rect_x":[
      -0.7759054899215698,
      1.748594880104065,
      -0.8957473039627075,
      0.5134794116020203,
      -0.06296022981405258,
      0.5289550423622131,
      -1.9657267332077027,
      0.9775575399398804,
      0.34445589780807497,
      -2.996290445327759,
      6.617568016052246,
      -3.72568416595459,
      -0.33747774362564089,
      2.3275089263916017,
      -4.799829483032227,
      2.7676336765289308
   ],
   "right_uv_to_rect_y":[
      -0.40155869722366335,
      0.0788295716047287,
      0.18848803639411927,
      0.03440302610397339,
      1.162545919418335,
      -0.0871603861451149,
      -0.47248953580856326,
      0.2951107323169708,
      -0.28124600648880007,
      -0.8912697434425354,
      1.6107137203216553,
      -0.6361001133918762,
      0.19606836140155793,
      0.5201933979988098,
      -0.8043093681335449,
      0.28155842423439028
   ]
}