{
    "left_uv_to_rect_x": [
        -0.4896118799686164,
        0.0034842142804160092,
        -0.1686623582631892,
        -0.31068350108814435,
        0.9417078620381244,
        -0.08269654268994099,
        0.6300164406534164,
        -0.2883988362911974,
        -0.26446274728082386,
        0.4123510289628439,
        -1.4893837493260758,
        1.108350397979968,
        0.20876974309208726,
        -0.2610929944400011,
        0.9870424215835859,
        -0.6650439348569789
    ],
    "left_uv_to_rect_y": [
        -0.1974830454776126,
        0.9977831811659869,
        -0.2799810176623406,
        0.3840895076209885,
        0.07389407622652826,
        0.23821526826504785,
        -0.18441125054666355,
        0.28001934695162534,
        -0.05531573594146113,
        0.012527238599652768,
        -0.05306634245165633,
        0.06428748725717282,
        -0.046485348751169026,
        0.14500813972980017,
        0.05388221674585702,
        0.08381575769342461
    ],
    "right_uv_to_rect_x": [
        -0.4074872310344579,
        -0.050289116822848756,
        0.0735432533223009,
        0.16140385694484885,
        1.0137499209355259,
        0.009669180753481856,
        0.3540666521686955,
        0.04369790341488476,
        -0.3594386145156246,
        0.20241111588825458,
        -0.8124943151898155,
        0.43563277170805664,
        0.20421565006414305,
        -0.16917884694986718,
        0.6217336822963814,
        -0.3905854340227323
    ],
    "right_uv_to_rect_y": [
        -0.2521282885471452,
        1.3833629815004373,
        -0.4368797770231543,
        0.6931722961752628,
        0.20076448270264424,
        -0.686766220277397,
        0.0912523354930851,
        -0.49418569631867243,
        -0.1898184900968796,
        0.3937065552273948,
        0.2275779112505838,
        0.12863995721267893,
        0.04188867899529525,
        -0.10328545940673506,
        -0.13369445891583442,
        0.004175988783245759
    ]
}