{
   "left_uv_to_rect_x":[
      -0.5659764374568892,
      0.24725174099241698,
      -0.16173528148160582,
      -0.43790811913187294,
      1.4062740228717783,
      -1.0389693913526064,
      1.4307730529052658,
      -0.1465497460267146,
      -0.9559323546943538,
      1.2218422356070457,
      -2.2785554142815956,
      0.8611888937540945,
      0.6949356431296582,
      -0.892139133029442,
      1.3779513839249635,
      -0.5525881815020531
   ],
   "left_uv_to_rect_y":[
      -0.636438859490362,
      1.565632059874162,
      -1.1222353866398735,
      0.7618005674680379,
      -0.11627755060331427,
      1.7171700976574342,
      -3.894191196491048,
      2.523854446935954,
      0.6350307740999814,
      -5.340695066185979,
      11.691965696087943,
      -7.5198960005499815,
      -0.8013740232719214,
      5.4448037351829255,
      -10.871521669448205,
      6.949607551312502
   ],
   "right_uv_to_rect_x":[
      -0.5921576164945488,
      0.5931182961199842,
      -0.4865358558166373,
      0.2858335076267119,
      1.5980323535928491,
      -1.4084892250623955,
      0.7546899739015587,
      0.3023958873637294,
      -1.1313314017527565,
      1.5058678570383939,
      -1.0930079038380356,
      -0.016048121981230665,
      0.710300849790195,
      -0.9528503367313628,
      0.9718680694823489,
      -0.07759364535275248
   ],
   "right_uv_to_rect_y":[
      -0.929917384179178,
      3.486020924345185,
      -4.435656916495637,
      2.8940782755945618,
      1.277506003697824,
      -7.5941563542073665,
      13.852955527598684,
      -8.908519146065402,
      -1.7862135127008247,
      11.400220497242863,
      -22.364435727186827,
      14.485627330648423,
      0.8076828118971019,
      -5.762520176503737,
      11.917261712915241,
      -7.745497594624748
   ]
}